{"cameraMode":{"drawMode":0,"name":"Shaded","section":"Shading Mode"},"sceneLighting":false,"audioPlay":false,"sceneViewState":{"m_AlwaysRefresh":false,"showFog":true,"showSkybox":false,"showFlares":true,"showImageEffects":true,"showParticleSystems":true,"showVisualEffectGraphs":true,"m_FxEnabled":true},"in2DMode":false,"pivot":{"x":46.974857330322269,"y":-5.449387073516846,"z":-51.66880798339844},"rotation":{"x":0.2706931233406067,"y":0.22271192073822022,"z":-0.06452423334121704,"w":0.9343234300613403},"size":0.26920124888420107,"orthographic":false}