{"cameraMode":{"drawMode":0,"name":"Shaded","section":"Shading Mode"},"sceneLighting":true,"audioPlay":false,"sceneViewState":{"m_AlwaysRefresh":false,"showFog":true,"showSkybox":true,"showFlares":true,"showImageEffects":true,"showParticleSystems":true,"showVisualEffectGraphs":true,"m_FxEnabled":true},"in2DMode":false,"pivot":{"x":52.336692810058597,"y":-6.8102335929870609,"z":-19.466148376464845},"rotation":{"x":0.047357261180877689,"y":0.16110995411872865,"z":-0.007716824300587177,"w":0.9857802391052246},"size":12.99560260772705,"orthographic":false}