{"cameraMode":{"drawMode":0,"name":"Shaded","section":"Shading Mode"},"sceneLighting":true,"audioPlay":false,"sceneViewState":{"m_AlwaysRefresh":false,"showFog":true,"showSkybox":true,"showFlares":true,"showImageEffects":true,"showParticleSystems":true,"showVisualEffectGraphs":true,"m_FxEnabled":true},"in2DMode":false,"pivot":{"x":41.068626403808597,"y":-4.148611068725586,"z":-40.668941497802737},"rotation":{"x":0.060856591910123828,"y":0.011977232061326504,"z":-0.0007339465664699674,"w":0.9980829358100891},"size":1.4074079990386963,"orthographic":false}