{"cameraMode":{"drawMode":0,"name":"Shaded","section":"Shading Mode"},"sceneLighting":true,"audioPlay":false,"sceneViewState":{"m_AlwaysRefresh":false,"showFog":true,"showSkybox":true,"showFlares":true,"showImageEffects":true,"showParticleSystems":true,"showVisualEffectGraphs":true,"m_FxEnabled":true},"in2DMode":false,"pivot":{"x":46.97526931762695,"y":-4.610945224761963,"z":-49.98281478881836},"rotation":{"x":-0.04825896769762039,"y":-0.036851923912763599,"z":0.0017766791861504317,"w":-0.9981629252433777},"size":0.8660253882408142,"orthographic":false}