{"cameraMode":{"drawMode":0,"name":"Shaded","section":"Shading Mode"},"sceneLighting":true,"audioPlay":false,"sceneViewState":{"m_AlwaysRefresh":false,"showFog":true,"showSkybox":true,"showFlares":true,"showImageEffects":true,"showParticleSystems":true,"showVisualEffectGraphs":true,"m_FxEnabled":true},"in2DMode":false,"pivot":{"x":47.71678161621094,"y":-5.083272457122803,"z":-52.732505798339847},"rotation":{"x":-0.011980253271758557,"y":-0.057566627860069278,"z":-0.0006907081115059555,"w":0.998275637626648},"size":5.206096649169922,"orthographic":false}