{"cameraMode":{"drawMode":0,"name":"Shaded","section":"Shading Mode"},"sceneLighting":true,"audioPlay":false,"sceneViewState":{"m_AlwaysRefresh":false,"showFog":true,"showSkybox":true,"showFlares":true,"showImageEffects":true,"showParticleSystems":true,"showVisualEffectGraphs":true,"m_FxEnabled":true},"in2DMode":false,"pivot":{"x":48.32013702392578,"y":-4.820201396942139,"z":-39.705596923828128},"rotation":{"x":-0.09765040129423142,"y":-0.008362074382603169,"z":0.000820726272650063,"w":-0.9951875805854797},"size":1.2312252521514893,"orthographic":false}