{"cameraMode":{"drawMode":0,"name":"Shaded","section":"Shading Mode"},"sceneLighting":true,"audioPlay":false,"sceneViewState":{"m_AlwaysRefresh":false,"showFog":true,"showSkybox":true,"showFlares":true,"showImageEffects":true,"showParticleSystems":true,"showVisualEffectGraphs":true,"m_FxEnabled":true},"in2DMode":false,"pivot":{"x":43.85300064086914,"y":-5.153999328613281,"z":-43.13399887084961},"rotation":{"x":-0.2040562927722931,"y":-0.011188233271241188,"z":0.002254727529361844,"w":-0.9789457321166992},"size":25.715457916259767,"orthographic":false}