{"cameraMode":{"drawMode":0,"name":"Shaded","section":"Shading Mode"},"sceneLighting":true,"audioPlay":false,"sceneViewState":{"m_AlwaysRefresh":false,"showFog":true,"showSkybox":true,"showFlares":true,"showImageEffects":true,"showParticleSystems":true,"showVisualEffectGraphs":true,"m_FxEnabled":true},"in2DMode":false,"pivot":{"x":47.740135192871097,"y":-4.810000419616699,"z":-39.64036178588867},"rotation":{"x":0.13272960484027863,"y":0.07426337897777558,"z":-0.009973429143428803,"w":0.9883161187171936},"size":1.4660253524780274,"orthographic":false}