{"cameraMode":{"drawMode":0,"name":"Shaded","section":"Shading Mode"},"sceneLighting":true,"audioPlay":false,"sceneViewState":{"m_AlwaysRefresh":false,"showFog":true,"showSkybox":true,"showFlares":true,"showImageEffects":true,"showParticleSystems":true,"showVisualEffectGraphs":true,"m_FxEnabled":true},"in2DMode":false,"pivot":{"x":26.975250244140626,"y":-5.153999328613281,"z":-29.265750885009767},"rotation":{"x":-0.2198808342218399,"y":-0.32559216022491457,"z":0.07809402793645859,"w":-0.9163042902946472},"size":35.837215423583987,"orthographic":false}